Campaign_ID,Date,Channel,Campaign_Name,Impressions,Clicks,Signups,Trials,Purchases,Revenue
1,2024-05-09,Paid Ads,Product Launch,16760,2734,650,336,195,38989.42
2,2024-05-01,Social Media,Newsletter,42330,6963,351,179,95,10401.27
3,2024-04-07,Referral,Retargeting,12984,4084,300,186,56,5854.22
4,2024-04-25,Social Media,Summer Sale,6305,1141,216,164,71,8305.16
5,2024-02-21,Social Media,Brand Awareness,6751,766,108,46,23,2687.21
6,2024-02-24,Paid Ads,Retargeting,42095,9817,1574,706,405,12211.1
7,2024-07-25,Referral,Newsletter,35797,10633,1749,981,250,41173.54
8,2024-01-07,Email,Summer Sale,33493,9038,1800,1267,472,31193.11
9,2024-09-15,Referral,Retargeting,4667,1781,382,252,65,7514.75
10,2024-01-09,Organic Search,Brand Awareness,28228,8852,552,327,164,25596.32
11,2024-01-14,Email,Product Launch,6778,1863,266,198,116,4472.97
12,2024-03-10,Social Media,Brand Awareness,14758,2574,172,80,16,3079.77
13,2024-04-29,Referral,Retargeting,38785,15301,2604,1551,476,81423.47
14,2024-02-22,Organic Search,Newsletter,28198,7419,780,453,124,15689.78
15,2024-02-06,Email,Summer Sale,49176,9648,655,492,198,28150.12
16,2024-08-05,Social Media,Summer Sale,44524,6214,882,525,251,39735.47
17,2024-04-09,Organic Search,Brand Awareness,19580,7157,1606,1193,392,72323.27
18,2024-05-23,Paid Ads,Retargeting,43957,8920,1345,753,412,36311.81
19,2024-10-14,Paid Ads,Summer Sale,18974,4193,331,180,92,2651.37
20,2024-10-28,Referral,Newsletter,40657,15742,966,394,192,24110.15
21,2024-11-23,Social Media,Brand Awareness,11547,1890,224,150,73,9119.22
22,2024-07-11,Email,Brand Awareness,6164,1411,253,175,35,3534.05
23,2024-03-17,Organic Search,Retargeting,35938,13048,852,342,72,11560.01
24,2024-01-20,Paid Ads,Newsletter,17718,3826,822,507,236,7681.42
25,2024-10-08,Organic Search,Newsletter,47842,10662,2105,1013,432,65972.77
26,2024-06-15,Organic Search,Product Launch,13444,3999,548,343,169,29884.41
27,2024-04-10,Organic Search,Summer Sale,14873,5227,947,623,284,22586.12
28,2024-11-25,Organic Search,Product Launch,33972,10195,2110,1023,349,21160.3
29,2024-03-21,Paid Ads,Product Launch,18360,3731,520,270,79,14980.49
30,2024-09-02,Referral,Summer Sale,19288,5897,1432,1093,473,46240.01
31,2024-09-25,Referral,Retargeting,46302,15233,3263,1438,540,94570.99
32,2024-07-01,Organic Search,Retargeting,26080,9671,1230,918,341,52961.62
33,2024-01-13,Referral,Brand Awareness,19624,6615,1482,996,207,6990.08
34,2024-06-18,Paid Ads,Brand Awareness,40174,10431,751,407,101,14721.83
35,2024-03-14,Social Media,Summer Sale,33296,5225,620,483,267,37210.97
36,2024-03-11,Social Media,Brand Awareness,28945,4855,702,309,140,8637.62
37,2024-11-22,Referral,Summer Sale,32648,8733,2178,1661,392,11939.45
38,2024-07-02,Organic Search,Retargeting,19210,5437,355,169,58,3567.4
39,2024-12-25,Email,Newsletter,47942,13562,1163,725,206,17123.4
40,2024-06-04,Email,Newsletter,36072,6780,594,389,187,19871.95
41,2024-05-05,Email,Newsletter,32424,7855,995,561,215,18609.6
42,2024-03-03,Organic Search,Product Launch,19605,6962,1054,553,168,31810.42
43,2024-07-06,Paid Ads,Product Launch,2939,427,103,64,32,4098.78
44,2024-01-13,Organic Search,Summer Sale,14496,4948,915,521,229,34063.74
45,2024-05-06,Paid Ads,Brand Awareness,16435,4124,1021,672,265,32823.57
46,2024-04-02,Organic Search,Retargeting,27814,6600,369,152,40,7807.92
47,2024-09-08,Paid Ads,Newsletter,31668,6366,1374,781,438,51736.03
48,2024-11-08,Organic Search,Summer Sale,9885,3722,529,396,95,4687.96
49,2024-10-13,Paid Ads,Brand Awareness,8514,2182,269,197,59,2862.94
50,2024-05-17,Organic Search,Product Launch,28046,7169,845,557,235,42851.32
51,2024-09-04,Social Media,Summer Sale,47312,5096,971,557,197,32412.74
52,2024-03-07,Email,Brand Awareness,8008,2403,561,273,119,21755.51
53,2024-10-05,Paid Ads,Retargeting,7853,1220,250,111,48,2147.92
54,2024-08-03,Email,Retargeting,19026,5105,500,365,95,10372.44
55,2024-02-14,Paid Ads,Newsletter,49113,9952,2031,1163,409,37438.86
56,2024-01-13,Social Media,Product Launch,3435,552,70,39,9,428.62
57,2024-10-27,Paid Ads,Newsletter,34063,7104,1418,654,381,38688.85
58,2024-03-11,Email,Newsletter,5144,955,127,91,51,4627.22
59,2024-03-15,Referral,Product Launch,49203,21360,4586,2585,989,91727.66
60,2024-07-03,Email,Summer Sale,16137,3571,556,398,237,39732.95
61,2024-02-18,Organic Search,Retargeting,15274,5507,624,478,149,11478.38
62,2024-12-12,Paid Ads,Brand Awareness,2882,508,91,49,28,5273.7
63,2024-11-16,Email,Retargeting,33865,8344,1570,843,298,47820.62
64,2024-12-07,Email,Newsletter,25734,7726,752,493,208,10172.85
65,2024-04-22,Email,Retargeting,32823,5911,1434,1118,403,53378.15
66,2024-06-04,Email,Summer Sale,2321,591,132,73,39,7146.14
67,2024-05-07,Organic Search,Brand Awareness,31164,10368,2247,1206,602,94359.15
68,2024-09-21,Referral,Summer Sale,28569,12520,2346,1480,554,11921.49
69,2024-01-28,Email,Summer Sale,32022,7018,825,420,162,26241.48
70,2024-06-19,Social Media,Newsletter,25216,3449,789,335,123,11826.88
71,2024-07-25,Social Media,Summer Sale,39331,6081,1313,948,380,56933.88
72,2024-03-10,Social Media,Newsletter,37641,6848,519,413,102,4891.23
73,2024-01-09,Paid Ads,Product Launch,42835,9970,1274,836,479,66261.95
74,2024-12-19,Organic Search,Retargeting,34914,13069,1885,783,254,26868.52
75,2024-01-09,Email,Summer Sale,49430,12872,1089,845,209,15709.66
76,2024-02-17,Organic Search,Summer Sale,35747,11446,888,394,134,5425.06
77,2024-05-08,Organic Search,Retargeting,21862,5808,424,296,162,32384.54
78,2024-11-28,Email,Product Launch,3942,866,44,23,8,942.41
79,2024-05-01,Referral,Product Launch,20547,7946,1207,635,260,6768.44
80,2024-10-07,Social Media,Product Launch,13095,2492,400,244,69,2380.9
81,2024-03-21,Paid Ads,Product Launch,12460,2234,381,160,34,2933.23
82,2024-04-01,Email,Newsletter,38184,9868,2028,1321,758,66203.93
83,2024-04-08,Paid Ads,Summer Sale,25326,4519,822,343,173,3495.78
84,2024-03-31,Referral,Brand Awareness,3784,970,143,113,51,9782.82
85,2024-11-19,Social Media,Summer Sale,18155,3089,195,98,58,7006.49
86,2024-03-17,Email,Retargeting,25949,6541,1192,911,358,65784.56
87,2024-08-24,Social Media,Retargeting,22661,3480,426,271,97,19231.49
88,2024-08-13,Referral,Newsletter,36907,16009,2198,1418,796,108670.97
89,2024-10-21,Organic Search,Brand Awareness,16144,4200,588,349,143,26516.88
90,2024-01-12,Email,Brand Awareness,35260,8267,1396,1078,458,52356.93
91,2024-02-14,Organic Search,Product Launch,1979,479,105,42,22,1760.71
92,2024-08-27,Organic Search,Retargeting,22685,5434,668,425,110,14890.33
93,2024-07-24,Email,Newsletter,23055,4080,715,514,200,23768.73
94,2024-05-29,Paid Ads,Newsletter,24518,4123,731,536,119,19636.45
95,2024-07-31,Social Media,Summer Sale,34274,4919,283,139,30,2115.6
96,2024-03-23,Email,Retargeting,36673,6856,356,238,137,20538.24
97,2024-03-03,Paid Ads,Brand Awareness,26242,6653,521,404,132,19949.12
98,2024-01-12,Organic Search,Newsletter,46000,15889,1020,771,179,25776.34
99,2024-05-31,Referral,Brand Awareness,37195,13030,928,632,369,69346.61
100,2024-01-08,Referral,Summer Sale,14612,6630,1567,1090,552,53316.67
101,2024-11-17,Referral,Brand Awareness,30314,10350,717,541,181,28546.38
102,2024-05-27,Social Media,Brand Awareness,15633,2557,196,127,31,2575.01
103,2024-12-12,Organic Search,Product Launch,36190,10247,1956,1201,638,81890.48
104,2024-02-13,Referral,Brand Awareness,41310,10371,1141,871,238,24331.78
105,2024-04-30,Social Media,Summer Sale,47032,5622,381,152,70,5428.82
106,2024-08-08,Paid Ads,Brand Awareness,15753,3871,214,106,25,1953.99
107,2024-04-24,Referral,Product Launch,46667,13876,2373,1178,500,32809.25
108,2024-12-09,Organic Search,Product Launch,37150,9484,2207,1454,356,49883.01
109,2024-05-29,Referral,Summer Sale,7251,2227,548,427,129,21623.78
110,2024-07-25,Paid Ads,Retargeting,43873,9626,2271,947,381,72667.03
111,2024-12-26,Referral,Newsletter,1596,640,142,83,17,2714.33
112,2024-03-10,Organic Search,Newsletter,42517,15693,1279,618,130,3998.97
113,2024-04-12,Paid Ads,Retargeting,30696,5912,1120,816,193,23818.57
114,2024-02-07,Paid Ads,Brand Awareness,43369,6485,981,443,203,4867.45
115,2024-04-20,Email,Product Launch,31571,8029,827,477,253,42837.43
116,2024-11-04,Referral,Summer Sale,3634,1581,105,44,25,4827.5
117,2024-05-01,Organic Search,Brand Awareness,19542,5275,836,471,141,13061.76
118,2024-01-05,Paid Ads,Retargeting,1072,159,14,7,3,580.97
119,2024-07-09,Paid Ads,Newsletter,47202,11689,2396,1362,363,36500.75
120,2024-02-24,Paid Ads,Newsletter,10162,1966,340,186,83,7500.8
121,2024-05-09,Email,Summer Sale,34248,8859,1915,1384,282,41628.9
122,2024-05-24,Paid Ads,Brand Awareness,18298,4405,468,219,44,5174.09
123,2024-03-02,Email,Brand Awareness,11737,2101,510,279,72,8689.78
124,2024-03-08,Referral,Brand Awareness,24542,7991,1360,722,420,63383.03
125,2024-10-10,Organic Search,Summer Sale,1062,368,59,25,10,683.77
126,2024-05-21,Paid Ads,Summer Sale,31429,8011,1660,776,411,54314.96
127,2024-08-16,Social Media,Retargeting,46935,8196,553,343,83,3763.82
128,2024-10-26,Organic Search,Summer Sale,36531,13098,2514,1017,352,44872.11
129,2024-06-08,Organic Search,Retargeting,4617,1098,223,113,63,5939.33
130,2024-02-05,Social Media,Product Launch,27921,4853,443,196,69,11106.25
131,2024-12-26,Paid Ads,Newsletter,45218,9040,988,560,174,22039.49
132,2024-04-13,Social Media,Newsletter,35350,3815,427,334,191,20126.19
133,2024-01-08,Email,Product Launch,10420,2324,245,184,44,2308.93
134,2024-02-01,Organic Search,Newsletter,25682,6604,587,469,247,24406.31
135,2024-11-24,Social Media,Summer Sale,47079,5925,1278,856,473,87536.44
136,2024-09-22,Paid Ads,Newsletter,12718,2554,552,313,111,4876.35
137,2024-03-15,Referral,Summer Sale,26394,11572,1461,1012,601,50830.56
138,2024-02-10,Paid Ads,Retargeting,5910,1306,321,169,74,3035.38
139,2024-03-27,Social Media,Retargeting,27145,3666,772,539,319,9002.49
140,2024-02-15,Paid Ads,Brand Awareness,28632,5006,1175,687,386,55034.65
141,2024-12-24,Referral,Brand Awareness,12535,4191,814,570,182,11714.03
142,2024-12-11,Organic Search,Product Launch,25038,5584,779,508,269,10030.86
143,2024-04-13,Email,Newsletter,10276,3315,473,255,111,3855.11
144,2024-02-25,Paid Ads,Newsletter,36529,9085,697,338,122,18543.27
145,2024-01-17,Referral,Product Launch,45127,19613,2792,1549,472,23323.85
146,2024-08-26,Referral,Product Launch,46101,19607,1446,665,334,59711.15
147,2024-11-02,Paid Ads,Brand Awareness,33815,6336,1359,754,186,13515.32
148,2024-02-26,Paid Ads,Brand Awareness,17375,2509,615,410,124,2922.57
149,2024-01-30,Email,Newsletter,34708,8604,1669,1309,416,50061.91
150,2024-08-27,Email,Newsletter,30103,7975,1730,1332,663,17407.51
151,2024-07-19,Paid Ads,Summer Sale,38959,5952,419,194,92,10131.26
152,2024-07-17,Referral,Product Launch,29123,7743,809,378,184,36053.72
153,2024-11-21,Social Media,Product Launch,22698,4424,976,581,273,52565.96
154,2024-12-26,Referral,Newsletter,23520,7501,1038,591,270,38256.24
155,2024-01-19,Referral,Product Launch,43964,12318,2834,1207,653,123380.35
156,2024-02-26,Paid Ads,Brand Awareness,39416,5766,345,232,93,14233.17
157,2024-01-03,Paid Ads,Retargeting,28975,4999,728,311,146,19894.16
158,2024-10-26,Social Media,Newsletter,6508,714,165,107,57,9623.8
159,2024-10-06,Referral,Retargeting,3662,1129,99,41,17,1059.42
160,2024-07-31,Email,Product Launch,45106,12082,2825,1784,692,37613.73
161,2024-06-29,Social Media,Summer Sale,37371,5276,604,443,136,17236.64
162,2024-04-24,Organic Search,Product Launch,4121,982,94,62,36,2391.9
163,2024-04-11,Paid Ads,Product Launch,1416,262,65,28,9,1410.99
164,2024-01-24,Referral,Brand Awareness,14711,6485,486,240,118,15346.12
165,2024-11-11,Social Media,Product Launch,30356,3927,579,297,170,26755.55
166,2024-05-08,Email,Brand Awareness,20181,6216,659,509,229,44069.0
167,2024-06-30,Social Media,Product Launch,11793,2010,332,230,99,7200.01
168,2024-12-14,Organic Search,Brand Awareness,11780,3845,912,612,250,21657.26
169,2024-09-13,Email,Summer Sale,6227,1744,150,66,19,2658.67
170,2024-09-16,Referral,Newsletter,45487,15809,1879,1417,530,62301.1
171,2024-08-25,Organic Search,Brand Awareness,10213,2368,129,82,30,3439.09
172,2024-09-06,Paid Ads,Retargeting,25228,6379,1514,1160,449,28415.64
173,2024-05-20,Organic Search,Retargeting,38085,11069,864,492,139,12066.35
174,2024-10-04,Paid Ads,Product Launch,10928,2766,563,428,197,12073.83
175,2024-09-27,Paid Ads,Summer Sale,14510,2506,300,191,68,10131.49
176,2024-02-15,Social Media,Brand Awareness,47287,9176,627,341,72,8952.73
177,2024-04-25,Organic Search,Summer Sale,3250,954,231,126,72,8488.7
178,2024-10-08,Email,Summer Sale,34798,9819,1377,783,330,33060.96
179,2024-05-31,Referral,Summer Sale,19363,6644,658,377,176,27688.92
180,2024-05-20,Paid Ads,Retargeting,41617,8552,1046,743,233,9586.28
181,2024-01-22,Email,Brand Awareness,23448,7562,762,316,131,14296.57
182,2024-04-30,Social Media,Newsletter,43149,6931,1306,634,288,20595.86
183,2024-03-07,Email,Summer Sale,9666,2487,407,185,70,6238.37
184,2024-03-28,Email,Retargeting,6711,1629,112,55,19,3331.9
185,2024-02-17,Organic Search,Summer Sale,1114,314,69,43,15,2800.15
186,2024-12-30,Social Media,Retargeting,21191,3860,440,289,155,28633.64
187,2024-01-12,Organic Search,Retargeting,7974,2650,645,334,92,3947.73
188,2024-11-27,Referral,Newsletter,13976,4434,309,197,64,11006.53
189,2024-01-22,Paid Ads,Retargeting,25895,6552,1505,797,466,52174.72
190,2024-04-04,Organic Search,Newsletter,8547,2342,235,132,48,4477.64
191,2024-05-24,Paid Ads,Retargeting,33853,5726,1369,1028,363,58745.82
192,2024-04-20,Email,Retargeting,29419,8549,2119,1370,291,39152.95
193,2024-06-01,Paid Ads,Product Launch,10167,2582,416,298,126,21621.4
194,2024-08-04,Paid Ads,Summer Sale,13022,1865,248,187,105,9706.09
195,2024-02-25,Organic Search,Summer Sale,23141,7930,1720,1114,342,59344.71
196,2024-12-25,Email,Product Launch,18223,4682,382,261,70,2941.38
197,2024-01-16,Email,Newsletter,41289,7228,1045,521,160,7118.3
198,2024-05-04,Email,Newsletter,22068,4898,604,460,236,12085.42
199,2024-02-15,Organic Search,Retargeting,20825,6225,1209,537,166,23018.89
200,2024-06-29,Organic Search,Brand Awareness,3246,1154,147,78,37,3999.73
201,2024-08-11,Social Media,Newsletter,10614,1441,74,56,14,1725.24
202,2024-07-12,Paid Ads,Retargeting,48416,12176,2450,1647,353,57880.26
203,2024-12-15,Organic Search,Brand Awareness,32413,8484,1438,876,463,13655.37
204,2024-10-28,Referral,Newsletter,2388,840,57,27,13,1359.12
205,2024-03-23,Email,Summer Sale,24724,6979,914,553,288,39579.29
206,2024-02-09,Paid Ads,Retargeting,34793,7400,730,572,204,26201.5
207,2024-01-15,Referral,Newsletter,25507,7237,754,411,203,32195.77
208,2024-03-21,Organic Search,Newsletter,29344,9110,1122,853,339,31071.9
209,2024-02-07,Organic Search,Newsletter,2986,997,88,43,17,362.45
210,2024-03-31,Email,Product Launch,29064,8941,642,305,64,8329.55
211,2024-06-13,Social Media,Brand Awareness,4444,833,46,19,8,1354.44
212,2024-06-15,Paid Ads,Retargeting,47114,10132,1165,805,423,77808.71
213,2024-12-21,Organic Search,Retargeting,7687,1653,143,68,26,4323.61
214,2024-09-16,Social Media,Brand Awareness,32665,5162,897,470,149,5041.95
215,2024-02-26,Paid Ads,Newsletter,38494,6689,1283,956,442,53791.94
216,2024-03-17,Paid Ads,Summer Sale,35694,6382,460,186,95,11485.24
217,2024-09-08,Email,Summer Sale,42066,13249,1674,974,451,50506.9
218,2024-05-15,Social Media,Newsletter,1841,338,46,29,15,1024.91
219,2024-10-10,Email,Product Launch,30254,8053,553,401,204,27265.73
220,2024-08-10,Social Media,Summer Sale,40462,7709,1839,744,150,12836.74
221,2024-07-23,Referral,Product Launch,42410,12491,3053,1921,1113,77942.41
222,2024-07-06,Social Media,Newsletter,26140,3527,840,551,123,9267.53
223,2024-07-11,Organic Search,Newsletter,29671,8588,550,394,102,17640.18
224,2024-12-23,Email,Product Launch,35938,7253,1280,890,492,38783.08
225,2024-09-08,Paid Ads,Newsletter,28721,5041,534,261,82,13847.95
226,2024-02-09,Social Media,Newsletter,5018,560,103,64,21,1432.47
227,2024-06-30,Organic Search,Summer Sale,30681,10998,1942,1470,689,85708.15
228,2024-03-14,Social Media,Brand Awareness,47643,7937,1324,912,538,47839.13
229,2024-10-28,Email,Newsletter,3225,875,129,100,56,6352.41
230,2024-12-05,Social Media,Retargeting,41886,6787,1484,1177,566,54006.0
231,2024-04-11,Organic Search,Newsletter,15813,5078,985,777,279,35641.87
232,2024-09-07,Email,Retargeting,10398,2696,599,272,132,6102.42
233,2024-10-23,Email,Retargeting,3486,724,84,54,17,963.58
234,2024-09-02,Referral,Brand Awareness,10016,3241,739,574,146,11685.31
235,2024-08-08,Organic Search,Summer Sale,2371,535,59,26,9,290.91
236,2024-07-12,Social Media,Retargeting,22340,3203,708,439,150,11289.53
237,2024-11-19,Referral,Product Launch,47081,13771,2422,1155,274,13381.95
238,2024-12-16,Referral,Brand Awareness,10035,4350,360,170,73,9131.5
239,2024-04-06,Social Media,Brand Awareness,38946,4834,989,474,137,8797.45
240,2024-04-11,Referral,Newsletter,48431,19530,2326,1629,777,71619.28
241,2024-07-25,Social Media,Newsletter,9337,1676,236,169,81,8507.57
242,2024-06-25,Social Media,Product Launch,31753,5148,687,346,167,29635.23
243,2024-07-02,Social Media,Product Launch,36002,4304,1007,708,355,36795.21
244,2024-11-11,Organic Search,Product Launch,46028,11778,1687,1074,303,35533.54
245,2024-11-28,Paid Ads,Retargeting,48579,10168,1111,497,142,5505.1
246,2024-09-07,Social Media,Retargeting,28642,3821,339,201,76,11211.11
247,2024-04-24,Social Media,Summer Sale,2839,326,58,45,20,1061.78
248,2024-11-14,Organic Search,Brand Awareness,27439,9718,2020,957,394,33790.56
249,2024-11-05,Organic Search,Product Launch,33402,7607,833,649,276,7589.47
250,2024-05-22,Paid Ads,Retargeting,7031,1095,94,74,28,3094.53
251,2024-12-08,Social Media,Retargeting,27942,3464,357,179,104,16719.1
252,2024-07-26,Organic Search,Brand Awareness,18030,4616,689,284,129,16848.89
253,2024-11-20,Referral,Product Launch,31709,14165,3313,2185,551,27772.9
254,2024-03-18,Paid Ads,Brand Awareness,21718,3889,531,271,59,9090.97
255,2024-10-05,Paid Ads,Summer Sale,24169,3755,298,235,84,1927.37
256,2024-09-01,Organic Search,Brand Awareness,7905,2482,274,193,97,8835.25
257,2024-08-02,Referral,Summer Sale,41085,15627,872,409,234,44570.12
258,2024-04-30,Organic Search,Retargeting,36942,14237,2888,1599,508,65339.08
259,2024-10-01,Paid Ads,Retargeting,15534,2713,583,245,97,5217.21
260,2024-12-04,Organic Search,Retargeting,32285,11051,1386,984,565,80123.12
261,2024-09-13,Email,Newsletter,26860,8175,1646,1226,437,15260.4
262,2024-08-31,Paid Ads,Brand Awareness,1251,322,43,30,8,174.61
263,2024-02-28,Organic Search,Retargeting,9498,2339,229,176,40,2987.51
264,2024-06-06,Organic Search,Newsletter,17612,4768,585,437,167,30448.14
265,2024-02-26,Paid Ads,Brand Awareness,17587,3314,468,225,127,6657.94
266,2024-02-27,Email,Product Launch,27339,7659,1303,534,166,13936.91
267,2024-06-25,Paid Ads,Newsletter,28139,4097,556,443,175,12347.25
268,2024-08-28,Social Media,Summer Sale,30724,5079,768,516,139,24282.32
269,2024-06-14,Organic Search,Newsletter,28914,8979,1700,1214,534,37268.14
270,2024-07-02,Organic Search,Brand Awareness,14805,5107,960,681,139,8993.6
271,2024-08-16,Email,Product Launch,39131,9511,1538,780,211,18896.36
272,2024-09-07,Paid Ads,Brand Awareness,47965,10241,2166,1670,910,135487.89
273,2024-02-12,Email,Brand Awareness,39837,7901,1626,786,182,3706.03
274,2024-03-22,Referral,Newsletter,26446,8285,1633,664,340,29581.09
275,2024-04-03,Organic Search,Summer Sale,40416,8696,562,370,84,12085.24
276,2024-06-06,Email,Brand Awareness,19663,4944,980,530,297,14797.45
277,2024-09-10,Social Media,Retargeting,23236,2526,551,242,89,7151.52
278,2024-08-11,Organic Search,Newsletter,31142,8263,846,533,129,5835.53
279,2024-12-21,Social Media,Newsletter,38561,6001,789,532,224,7839.73
280,2024-07-02,Organic Search,Brand Awareness,45110,11338,2016,1029,545,82356.77
281,2024-05-12,Paid Ads,Newsletter,17094,4280,347,203,105,8805.76
282,2024-10-21,Social Media,Brand Awareness,36777,7169,846,622,132,10509.88
283,2024-12-19,Paid Ads,Brand Awareness,11511,2192,348,273,109,5329.35
284,2024-10-07,Email,Product Launch,34035,10504,1425,905,470,12830.44
285,2024-06-05,Email,Brand Awareness,16778,3152,693,361,215,26318.98
286,2024-04-09,Referral,Newsletter,16404,4872,725,384,144,15252.42
287,2024-11-25,Referral,Product Launch,18592,6038,1204,683,229,22343.89
288,2024-02-13,Organic Search,Brand Awareness,24258,5405,780,513,241,36551.36
289,2024-03-02,Social Media,Product Launch,4710,568,86,54,24,2367.9
290,2024-06-08,Email,Summer Sale,12332,2202,512,286,93,8858.29
291,2024-06-13,Paid Ads,Retargeting,19176,4106,754,327,76,6224.73
292,2024-08-11,Email,Retargeting,20219,3549,544,423,208,9767.06
293,2024-09-10,Social Media,Brand Awareness,26616,3370,540,248,104,12938.79
294,2024-01-17,Social Media,Retargeting,28500,5451,693,432,116,19281.78
295,2024-10-05,Paid Ads,Newsletter,29758,4917,778,514,224,21684.63
296,2024-02-07,Paid Ads,Brand Awareness,38484,6478,1576,1009,363,14531.51
297,2024-07-22,Referral,Brand Awareness,5208,1322,149,96,42,3038.22
298,2024-09-11,Referral,Newsletter,32683,11699,869,404,169,30513.03
299,2024-09-23,Organic Search,Summer Sale,35594,8691,1436,780,262,44439.33
300,2024-12-08,Email,Product Launch,42170,11981,1278,869,472,83202.84
301,2024-08-22,Paid Ads,Summer Sale,28355,4930,909,445,227,18442.27
302,2024-02-10,Organic Search,Summer Sale,16645,4088,241,114,61,7523.86
303,2024-06-10,Social Media,Brand Awareness,1463,188,35,21,8,1519.2
304,2024-11-06,Email,Summer Sale,5087,1650,340,234,96,18639.99
305,2024-09-01,Paid Ads,Summer Sale,4904,1115,115,57,27,4670.75
306,2024-07-02,Referral,Retargeting,29295,12208,688,433,175,10263.18
307,2024-01-01,Social Media,Product Launch,8488,1468,223,119,53,7923.33
308,2024-03-26,Referral,Retargeting,48482,13109,947,577,337,60197.3
309,2024-04-15,Email,Brand Awareness,15081,3890,752,489,100,13499.03
310,2024-05-09,Organic Search,Summer Sale,46920,12331,3044,2151,1228,55740.4
311,2024-12-06,Organic Search,Retargeting,49503,16318,2350,1426,505,49974.8
312,2024-05-31,Organic Search,Retargeting,7971,2761,427,336,84,15392.82
313,2024-09-29,Paid Ads,Retargeting,1091,274,64,33,19,1143.18
314,2024-07-27,Email,Retargeting,27796,7997,827,517,221,32551.67
315,2024-06-06,Referral,Summer Sale,14027,4510,313,193,43,3502.79
316,2024-11-21,Referral,Summer Sale,6330,2848,331,224,103,6050.59
317,2024-01-30,Social Media,Newsletter,6262,1172,261,113,31,3058.17
318,2024-02-25,Social Media,Brand Awareness,8780,937,102,43,15,464.52
319,2024-09-16,Referral,Product Launch,32846,9728,1928,1314,768,56756.14
320,2024-03-31,Organic Search,Product Launch,23097,6069,405,300,100,10975.77
321,2024-09-11,Paid Ads,Brand Awareness,14094,3302,748,546,246,46007.45
322,2024-07-02,Email,Product Launch,31046,6463,859,648,379,63284.18
323,2024-08-26,Organic Search,Product Launch,8150,2542,609,456,226,15210.39
324,2024-05-04,Organic Search,Summer Sale,13907,4564,606,390,184,26574.18
325,2024-01-22,Organic Search,Product Launch,29623,10309,1168,700,238,32227.72
326,2024-01-08,Organic Search,Product Launch,36202,11615,2715,1956,416,76421.19
327,2024-12-17,Referral,Product Launch,32872,9859,1358,741,276,23649.93
328,2024-03-01,Referral,Product Launch,41859,18622,3625,2196,913,149993.98
329,2024-10-17,Referral,Product Launch,16452,5504,349,152,37,4553.17
330,2024-04-12,Paid Ads,Summer Sale,10817,2085,514,267,95,2351.39
331,2024-11-03,Referral,Retargeting,35834,10803,2462,1465,416,52724.9
332,2024-04-17,Referral,Summer Sale,46143,16427,3710,2398,756,51291.69
333,2024-03-05,Social Media,Retargeting,42600,7812,844,519,206,38920.11
334,2024-10-15,Social Media,Retargeting,18160,2243,362,178,50,2431.97
335,2024-05-25,Paid Ads,Product Launch,13880,1977,375,275,141,12865.56
336,2024-06-08,Referral,Newsletter,24399,8544,1543,1035,227,30698.31
337,2024-03-23,Referral,Retargeting,27870,7216,663,518,125,13125.62
338,2024-11-09,Social Media,Newsletter,28790,4296,442,189,44,7354.82
339,2024-12-16,Social Media,Brand Awareness,19118,2914,211,86,47,6664.21
340,2024-06-15,Social Media,Summer Sale,38719,4772,1022,641,145,15818.08
341,2024-12-23,Social Media,Newsletter,37415,5092,497,344,156,24784.49
342,2024-12-28,Organic Search,Product Launch,45055,17474,907,561,294,51126.79
343,2024-01-06,Referral,Retargeting,18292,4985,750,304,137,23644.03
344,2024-05-03,Organic Search,Brand Awareness,6744,2334,277,194,90,13380.19
345,2024-10-28,Referral,Summer Sale,5743,2472,583,356,124,14793.25
346,2024-10-16,Social Media,Newsletter,27360,3779,499,257,108,2319.51
347,2024-03-22,Referral,Summer Sale,20368,5985,469,362,192,11376.85
348,2024-11-09,Email,Summer Sale,44956,13763,2397,1437,829,121192.9
349,2024-10-29,Organic Search,Product Launch,6230,1662,162,69,21,1911.81
350,2024-03-29,Paid Ads,Newsletter,48306,10273,776,562,313,46878.31
351,2024-11-14,Paid Ads,Brand Awareness,12832,1965,381,208,72,6789.35
352,2024-07-28,Referral,Brand Awareness,36831,11829,1284,950,205,19966.58
353,2024-04-02,Social Media,Summer Sale,12864,2449,431,272,116,9219.62
354,2024-05-25,Referral,Summer Sale,7833,2560,173,101,58,7075.27
355,2024-08-26,Social Media,Brand Awareness,17228,2719,500,383,144,5013.15
356,2024-09-12,Email,Product Launch,10781,1911,314,172,99,13689.16
357,2024-11-24,Referral,Brand Awareness,40554,10974,1884,857,389,61585.82
358,2024-07-06,Organic Search,Product Launch,9382,2473,422,201,79,4445.24
359,2024-06-26,Referral,Brand Awareness,26999,11473,2688,1476,874,29375.21
360,2024-04-06,Social Media,Product Launch,32683,4035,980,397,153,14049.07
361,2024-07-21,Referral,Newsletter,20140,7672,863,422,193,29412.59
362,2024-08-15,Referral,Product Launch,1596,700,68,44,14,2631.03
363,2024-11-09,Organic Search,Brand Awareness,39552,8412,860,435,232,41308.28
364,2024-05-16,Referral,Summer Sale,49019,12467,671,330,71,2920.86
365,2024-07-22,Referral,Brand Awareness,21788,5379,1282,973,282,32334.12
366,2024-09-24,Email,Newsletter,36286,6893,1550,1146,402,9231.66
367,2024-09-02,Organic Search,Product Launch,15670,5249,909,472,134,16896.23
368,2024-09-08,Social Media,Brand Awareness,28854,4783,838,348,111,8273.92
369,2024-03-23,Email,Newsletter,10112,2285,120,49,15,1457.9
370,2024-10-22,Referral,Product Launch,48433,17073,2777,1262,302,54982.88
371,2024-10-07,Paid Ads,Product Launch,40070,7970,1159,835,349,55883.52
372,2024-07-01,Organic Search,Product Launch,20926,6784,1535,1182,290,12949.38
373,2024-10-26,Social Media,Newsletter,3452,617,88,45,17,2455.73
374,2024-08-01,Paid Ads,Retargeting,3666,577,137,71,26,1140.43
375,2024-08-12,Email,Newsletter,45426,8944,633,343,69,9200.39
376,2024-06-15,Email,Product Launch,8042,1912,245,147,79,3376.88
377,2024-07-02,Organic Search,Newsletter,42180,10341,1669,1243,251,40687.96
378,2024-06-13,Social Media,Retargeting,41855,5973,536,387,183,16734.65
379,2024-01-20,Email,Retargeting,42449,10252,862,625,246,33340.88
380,2024-07-25,Organic Search,Summer Sale,48270,10277,2420,1679,378,50278.82
381,2024-02-29,Email,Newsletter,8750,2134,323,172,85,4324.6
382,2024-01-18,Paid Ads,Retargeting,21930,4263,251,142,85,10017.56
383,2024-06-14,Email,Product Launch,14454,3824,724,569,118,10639.05
384,2024-07-21,Social Media,Brand Awareness,20888,2972,454,282,98,2007.11
385,2024-01-18,Referral,Product Launch,30347,9676,819,595,205,33198.03
386,2024-04-28,Social Media,Product Launch,13919,1959,217,132,54,7180.6
387,2024-06-14,Paid Ads,Summer Sale,37562,5269,1159,926,268,12275.94
388,2024-03-24,Social Media,Newsletter,7104,1266,263,160,77,4456.69
389,2024-12-05,Organic Search,Product Launch,27039,6643,631,463,135,9013.61
390,2024-03-02,Referral,Retargeting,44773,13751,2389,1740,1018,90044.06
391,2024-02-25,Paid Ads,Summer Sale,5048,740,172,74,35,5973.2
392,2024-03-13,Referral,Product Launch,22438,7346,793,373,169,14925.3
393,2024-01-07,Social Media,Newsletter,9479,1043,60,27,8,1287.66
394,2024-04-18,Referral,Brand Awareness,26364,10655,1000,782,298,23223.67
395,2024-05-06,Referral,Brand Awareness,5314,2037,430,315,137,16992.96
396,2024-10-23,Paid Ads,Product Launch,20102,4996,680,276,143,18927.47
397,2024-05-08,Paid Ads,Product Launch,36290,9113,1030,551,125,21210.07
398,2024-12-24,Email,Summer Sale,43633,9437,1560,731,264,42594.19
399,2024-03-25,Social Media,Summer Sale,40589,6978,943,710,395,33755.09
400,2024-07-02,Email,Retargeting,32181,7688,1745,854,217,28131.35
401,2024-04-05,Referral,Brand Awareness,33470,12884,1813,1159,343,34812.75
402,2024-01-29,Organic Search,Product Launch,13873,4284,305,199,119,14589.78
403,2024-06-08,Referral,Product Launch,13485,4555,280,144,69,2211.84
404,2024-12-01,Paid Ads,Product Launch,1793,465,116,89,34,3368.56
405,2024-12-28,Organic Search,Product Launch,35876,9608,598,290,98,4594.04
406,2024-11-13,Organic Search,Brand Awareness,5435,1582,386,293,129,12862.83
407,2024-08-01,Paid Ads,Retargeting,31202,4816,580,267,69,12418.48
408,2024-05-31,Organic Search,Retargeting,39198,11969,775,370,96,3549.71
409,2024-10-21,Paid Ads,Newsletter,42390,8282,1686,1146,505,35997.01
410,2024-06-16,Email,Product Launch,7664,1980,272,135,28,5462.77
411,2024-04-16,Paid Ads,Product Launch,38735,7139,949,513,167,21580.07
412,2024-02-23,Paid Ads,Newsletter,40279,8027,940,646,178,35176.99
413,2024-07-10,Organic Search,Brand Awareness,35994,10631,1287,723,302,41368.51
414,2024-08-24,Social Media,Newsletter,37912,5074,546,226,55,6800.74
415,2024-04-20,Paid Ads,Brand Awareness,36349,5313,630,462,217,42420.94
416,2024-02-11,Email,Product Launch,47575,9651,816,464,156,7917.18
417,2024-06-18,Referral,Product Launch,38498,11190,1679,812,288,56802.54
418,2024-05-24,Referral,Retargeting,24111,10101,1095,533,165,10431.65
419,2024-09-30,Paid Ads,Newsletter,15552,3192,516,268,69,2136.53
420,2024-11-07,Email,Newsletter,15282,4932,453,204,99,5532.37
421,2024-07-22,Paid Ads,Retargeting,28308,3967,221,108,47,4857.44
422,2024-02-06,Paid Ads,Retargeting,31135,7375,944,624,199,33328.9
423,2024-07-23,Organic Search,Brand Awareness,37664,13852,1614,888,241,10537.9
424,2024-07-06,Organic Search,Newsletter,34247,7598,1464,1092,429,81409.48
425,2024-08-24,Email,Product Launch,15162,3316,767,494,164,24443.77
426,2024-12-22,Email,Summer Sale,31834,6907,622,378,94,17067.17
427,2024-04-29,Paid Ads,Newsletter,30150,5065,714,290,94,10498.14
428,2024-10-31,Paid Ads,Newsletter,42703,6577,1308,969,456,90739.79
429,2024-05-23,Social Media,Summer Sale,38582,5034,1141,539,112,2596.17
430,2024-11-27,Organic Search,Product Launch,23665,7940,1569,1117,236,17488.91
431,2024-07-25,Paid Ads,Product Launch,22266,5231,1150,759,307,23130.95
432,2024-10-10,Social Media,Brand Awareness,5383,714,148,85,41,7943.22
433,2024-06-26,Paid Ads,Retargeting,44062,10034,1366,643,167,24877.14
434,2024-11-26,Email,Retargeting,1791,525,111,70,15,1025.83
435,2024-11-04,Social Media,Summer Sale,16913,3112,400,230,127,16204.52
436,2024-09-12,Paid Ads,Product Launch,44895,7154,590,267,133,20264.15
437,2024-01-28,Referral,Brand Awareness,24055,7110,711,332,85,7577.3
438,2024-07-01,Organic Search,Brand Awareness,9003,2155,533,409,95,14083.39
439,2024-04-29,Referral,Newsletter,3926,1001,158,72,36,4744.95
440,2024-02-22,Social Media,Retargeting,20389,2358,284,184,87,11912.58
441,2024-06-15,Referral,Summer Sale,41740,13360,1291,913,392,29760.0
442,2024-03-21,Social Media,Newsletter,20427,2770,645,450,269,11819.74
443,2024-10-22,Referral,Retargeting,42529,10839,2569,1355,343,14950.34
444,2024-07-16,Organic Search,Retargeting,25826,6505,770,382,161,26389.64
445,2024-08-07,Referral,Newsletter,18483,5834,669,531,242,39648.82
446,2024-01-21,Organic Search,Newsletter,12358,3820,328,148,59,11310.16
447,2024-07-27,Social Media,Brand Awareness,26311,4923,781,496,155,3153.1
448,2024-03-12,Organic Search,Summer Sale,38692,14497,3301,2412,683,76353.42
449,2024-12-19,Organic Search,Brand Awareness,9568,2956,171,110,48,1839.54
450,2024-09-17,Email,Product Launch,31552,6267,887,707,227,14745.01
451,2024-03-10,Email,Product Launch,10459,2001,376,211,101,17597.06
452,2024-01-11,Social Media,Product Launch,40624,4909,709,493,212,19219.87
453,2024-03-22,Organic Search,Brand Awareness,26803,8808,945,403,145,8356.23
454,2024-03-07,Email,Brand Awareness,6617,1854,256,149,50,1775.97
455,2024-01-16,Paid Ads,Summer Sale,37512,5254,451,244,102,5301.13
456,2024-05-27,Paid Ads,Product Launch,49245,8969,1851,1297,581,21196.17
457,2024-10-22,Organic Search,Summer Sale,17783,6104,852,404,126,12790.28
458,2024-03-04,Email,Product Launch,23312,4320,307,215,117,14424.66
459,2024-03-02,Social Media,Newsletter,27642,4550,786,314,142,11261.36
460,2024-12-26,Social Media,Product Launch,43370,6161,642,392,216,34001.65
461,2024-04-16,Email,Summer Sale,42719,11456,1099,746,422,61416.32
462,2024-11-11,Paid Ads,Brand Awareness,6838,1624,150,64,27,3329.49
463,2024-05-23,Organic Search,Product Launch,38909,13977,2560,1253,693,73087.41
464,2024-04-19,Referral,Summer Sale,10439,4001,475,279,130,4124.45
465,2024-04-21,Email,Newsletter,31754,9878,1331,824,337,63135.89
466,2024-01-16,Paid Ads,Summer Sale,35516,6768,1478,802,231,20376.43
467,2024-01-05,Social Media,Retargeting,42621,7371,1109,886,488,66910.77
468,2024-12-09,Email,Product Launch,19472,4624,874,548,209,23057.34
469,2024-05-27,Paid Ads,Newsletter,15720,2944,399,172,80,12893.25
470,2024-07-30,Paid Ads,Retargeting,20515,4085,646,260,106,8746.39
471,2024-06-08,Paid Ads,Brand Awareness,16709,4150,622,252,89,3821.56
472,2024-02-23,Organic Search,Retargeting,10830,3502,859,507,117,6907.21
473,2024-10-31,Referral,Product Launch,19464,6970,798,531,202,33112.74
474,2024-01-15,Organic Search,Product Launch,8896,3011,484,366,115,10245.04
475,2024-07-08,Paid Ads,Summer Sale,7931,1761,137,70,18,2496.26
476,2024-01-01,Social Media,Retargeting,11160,2122,449,193,85,2990.4
477,2024-02-10,Referral,Brand Awareness,34328,14126,2204,947,265,16814.82
478,2024-08-07,Email,Brand Awareness,20343,4427,687,486,174,19085.23
479,2024-12-01,Social Media,Product Launch,7483,1231,154,118,48,4587.07
480,2024-08-10,Organic Search,Newsletter,7634,1855,427,239,101,4176.45
481,2024-01-20,Referral,Newsletter,44378,14423,2682,1398,534,14610.52
482,2024-08-09,Paid Ads,Summer Sale,10670,1802,155,113,24,2512.91
483,2024-05-23,Email,Summer Sale,47259,15011,1734,1218,724,134065.16
484,2024-03-30,Organic Search,Newsletter,4872,1671,325,253,64,5290.08
485,2024-12-30,Organic Search,Newsletter,43907,16553,1234,520,249,30696.25
486,2024-06-27,Email,Retargeting,44099,8996,1499,769,193,36713.42
487,2024-11-28,Organic Search,Product Launch,1376,443,53,40,12,460.48
488,2024-01-02,Paid Ads,Summer Sale,48559,10235,2173,1336,470,59294.02
489,2024-08-23,Referral,Product Launch,38426,11553,855,623,294,8586.8
490,2024-01-11,Email,Summer Sale,23425,6271,1077,769,372,49998.94
491,2024-03-12,Social Media,Product Launch,46912,8143,682,323,99,19107.43
492,2024-10-27,Paid Ads,Product Launch,6679,1338,331,142,57,4947.87
493,2024-09-09,Social Media,Product Launch,1024,135,23,18,7,518.6
494,2024-09-20,Organic Search,Product Launch,7934,1912,322,185,82,14368.9
495,2024-10-23,Social Media,Product Launch,14630,1740,288,230,74,11830.06
496,2024-11-15,Paid Ads,Brand Awareness,15476,3857,704,525,282,44348.56
497,2024-02-17,Paid Ads,Product Launch,5436,1019,84,42,18,3031.7
498,2024-11-05,Social Media,Brand Awareness,43647,6075,358,173,56,10554.88
499,2024-11-24,Organic Search,Newsletter,24682,6706,718,465,235,30165.11
500,2024-10-26,Email,Summer Sale,1407,279,49,23,4,367.91
501,2024-02-17,Email,Newsletter,5167,1409,283,212,118,16525.1
502,2024-01-19,Email,Newsletter,27893,5791,673,398,139,3718.89
503,2024-06-28,Paid Ads,Summer Sale,1876,465,31,18,4,505.88
504,2024-12-29,Organic Search,Brand Awareness,28888,6810,854,467,275,9834.2
505,2024-11-15,Referral,Newsletter,49461,18532,3484,1982,559,66666.72
506,2024-09-25,Referral,Product Launch,22559,5957,452,334,181,24437.74
507,2024-05-22,Social Media,Summer Sale,30594,5408,1204,707,248,37413.46
508,2024-03-22,Social Media,Brand Awareness,41485,7645,1726,906,452,31560.72
509,2024-09-10,Paid Ads,Product Launch,2066,318,34,25,7,282.28
510,2024-09-11,Social Media,Summer Sale,7116,870,46,28,15,2651.07
511,2024-09-01,Social Media,Summer Sale,5669,722,116,58,14,1418.21
512,2024-06-07,Paid Ads,Retargeting,6665,1569,100,56,11,461.86
513,2024-05-29,Paid Ads,Retargeting,14093,2287,314,137,63,9933.36
514,2024-10-20,Email,Brand Awareness,20977,5744,1314,664,220,10484.7
515,2024-01-05,Organic Search,Summer Sale,16039,4781,409,220,63,10860.78
516,2024-03-31,Email,Brand Awareness,42742,10244,1873,1024,569,110621.21
517,2024-11-22,Organic Search,Brand Awareness,33606,12010,2538,1955,715,106338.24
518,2024-04-15,Organic Search,Brand Awareness,3243,1092,135,83,25,2132.18
519,2024-10-07,Email,Product Launch,32577,9506,876,511,208,40481.1
520,2024-04-14,Organic Search,Product Launch,30896,6978,469,346,157,8398.63
521,2024-03-23,Email,Brand Awareness,15848,3335,269,195,76,10933.84
522,2024-12-01,Organic Search,Newsletter,14889,5331,360,258,60,2339.76
523,2024-06-30,Email,Retargeting,38818,8294,1274,765,205,28652.14
524,2024-01-03,Paid Ads,Brand Awareness,26107,3953,276,193,92,12973.54
525,2024-08-13,Organic Search,Product Launch,31597,12001,2679,2039,1066,133761.57
526,2024-01-09,Social Media,Newsletter,29755,4013,482,230,51,1105.58
527,2024-01-25,Email,Brand Awareness,10108,2588,458,216,114,9811.96
528,2024-02-06,Social Media,Retargeting,33104,4438,712,453,218,40659.01
529,2024-12-17,Referral,Brand Awareness,30115,9675,628,253,119,5357.57
530,2024-12-13,Organic Search,Summer Sale,22332,5137,716,552,121,9095.08
531,2024-07-11,Email,Newsletter,33183,9290,1704,1123,323,11974.16
532,2024-05-08,Email,Product Launch,34669,7949,509,402,176,28141.65
533,2024-03-31,Organic Search,Product Launch,47294,10435,2200,1130,652,70215.15
534,2024-05-06,Organic Search,Brand Awareness,13892,4080,606,427,169,15890.16
535,2024-05-26,Email,Summer Sale,40002,8132,1225,554,237,11735.96
536,2024-08-06,Social Media,Newsletter,44691,6275,1085,584,308,55277.41
537,2024-11-29,Email,Brand Awareness,46359,12059,2631,1214,632,44182.82
538,2024-02-15,Organic Search,Brand Awareness,7445,2739,298,217,46,7586.87
539,2024-12-14,Social Media,Summer Sale,30149,3904,375,277,159,27857.44
540,2024-01-19,Organic Search,Brand Awareness,3148,919,210,161,48,3122.17
541,2024-06-12,Email,Retargeting,9055,1751,352,230,50,3467.36
542,2024-06-03,Email,Product Launch,7506,2060,128,80,45,4449.29
543,2024-11-18,Email,Retargeting,2313,478,34,17,8,502.02
544,2024-08-14,Referral,Product Launch,41940,11969,1016,750,377,39528.14
545,2024-01-20,Email,Brand Awareness,14604,3166,528,303,173,11290.0
546,2024-12-14,Organic Search,Summer Sale,15128,5742,764,544,277,53703.09
547,2024-04-21,Email,Retargeting,18944,5262,1204,682,234,20877.53
548,2024-06-21,Referral,Brand Awareness,10997,4566,828,555,130,10133.89
549,2024-01-31,Paid Ads,Retargeting,33073,6819,1189,899,527,88264.53
550,2024-09-24,Referral,Brand Awareness,36315,12898,3072,1534,570,91360.77
551,2024-01-28,Referral,Newsletter,40435,18384,3627,2435,1321,51829.97
552,2024-09-26,Social Media,Brand Awareness,36144,5914,625,371,174,7460.88
553,2024-02-10,Email,Product Launch,14925,3196,213,90,35,5405.41
554,2024-09-14,Email,Summer Sale,2338,440,75,57,22,4040.65
555,2024-03-15,Referral,Retargeting,30385,12050,857,537,205,25685.23
556,2024-08-02,Email,Retargeting,10886,3119,381,280,70,6530.54
557,2024-05-10,Referral,Brand Awareness,28111,10232,2205,1711,399,43734.99
558,2024-10-29,Referral,Brand Awareness,32419,10861,2042,1253,417,66675.07
559,2024-09-22,Organic Search,Retargeting,33760,11006,1618,955,256,30618.11
560,2024-10-13,Organic Search,Summer Sale,23732,7565,463,272,133,18700.82
561,2024-04-20,Organic Search,Retargeting,12519,3615,472,283,150,29707.83
562,2024-09-04,Email,Brand Awareness,30180,5542,844,379,112,7596.18
563,2024-04-14,Email,Newsletter,33112,6028,1424,689,348,48188.82
564,2024-08-12,Paid Ads,Product Launch,8237,2138,212,134,60,10432.71
565,2024-05-28,Organic Search,Retargeting,40423,8756,2126,1218,586,100374.9
566,2024-01-10,Paid Ads,Brand Awareness,45270,10905,592,291,103,13880.7
567,2024-05-01,Referral,Retargeting,23183,10273,1819,1380,664,59323.91
568,2024-08-15,Email,Retargeting,8278,2592,638,453,189,6779.09
569,2024-01-13,Paid Ads,Product Launch,21086,4064,250,180,74,4402.65
570,2024-05-29,Email,Product Launch,27888,7443,1834,1137,567,12999.59
571,2024-01-11,Social Media,Product Launch,10447,1435,245,164,98,11753.42
572,2024-04-17,Email,Newsletter,24974,7605,1492,756,213,25762.11
573,2024-01-29,Paid Ads,Product Launch,14171,3627,677,329,71,9204.25
574,2024-08-12,Email,Product Launch,15919,3887,689,393,184,21423.72
575,2024-06-02,Organic Search,Summer Sale,22118,5040,599,456,244,39705.52
576,2024-10-22,Social Media,Retargeting,8959,1114,174,129,44,7402.91
577,2024-06-28,Social Media,Product Launch,33842,3697,203,126,41,1045.03
578,2024-11-13,Social Media,Summer Sale,27090,4273,771,478,191,12147.25
579,2024-07-08,Referral,Brand Awareness,6925,1948,451,306,110,6914.87
580,2024-04-03,Email,Retargeting,45273,12492,1520,894,413,74640.15
581,2024-01-18,Referral,Summer Sale,1188,317,54,37,19,1588.3
582,2024-12-26,Email,Product Launch,17684,4328,527,273,159,9232.73
583,2024-12-18,Referral,Brand Awareness,8228,2043,465,364,81,10011.5
584,2024-11-24,Paid Ads,Summer Sale,33446,5586,978,521,305,40968.04
585,2024-04-27,Paid Ads,Product Launch,29844,7583,891,401,173,16593.96
586,2024-02-27,Social Media,Brand Awareness,12872,1984,440,184,47,2107.34
587,2024-07-23,Social Media,Retargeting,2235,306,45,24,5,350.04
588,2024-09-20,Referral,Summer Sale,30868,8580,780,333,149,10325.11
589,2024-08-05,Referral,Product Launch,28189,7158,976,712,383,53154.69
590,2024-05-23,Email,Retargeting,36354,10956,1846,1002,320,14972.06
591,2024-05-29,Social Media,Summer Sale,26757,3037,538,270,95,17368.26
592,2024-09-03,Social Media,Summer Sale,15325,2456,249,115,38,3130.27
593,2024-02-29,Social Media,Brand Awareness,6124,724,82,35,15,1194.32
594,2024-02-07,Email,Product Launch,12419,3772,691,473,252,31481.88
595,2024-03-21,Paid Ads,Product Launch,24124,4706,467,236,57,4555.38
596,2024-07-17,Email,Brand Awareness,34886,11210,1310,984,339,65354.19
597,2024-09-19,Organic Search,Product Launch,41950,8970,1693,1036,348,34603.46
598,2024-10-03,Referral,Product Launch,20773,7200,767,552,311,35684.16
599,2024-12-26,Email,Summer Sale,12367,3550,316,151,52,5045.96
600,2024-11-08,Paid Ads,Brand Awareness,39812,9149,600,377,156,27950.72
601,2024-01-25,Email,Product Launch,30933,6676,1571,988,255,31876.42
602,2024-12-10,Social Media,Retargeting,30873,5020,403,227,130,11341.12
603,2024-05-12,Paid Ads,Retargeting,46219,7695,519,356,144,8300.13
604,2024-08-18,Social Media,Newsletter,38444,5099,393,279,114,3158.43
605,2024-10-06,Email,Newsletter,47797,12826,1798,1247,691,52485.56
606,2024-11-09,Organic Search,Product Launch,10643,3736,872,485,164,20880.23
607,2024-10-18,Paid Ads,Retargeting,27218,5711,617,345,166,28862.23
608,2024-08-25,Organic Search,Brand Awareness,9822,2897,709,470,281,13848.66
609,2024-06-01,Referral,Retargeting,49385,13596,2486,1133,674,34071.69
610,2024-09-26,Social Media,Product Launch,9883,1123,240,103,57,4877.45
611,2024-01-08,Social Media,Newsletter,33228,4550,810,531,196,19349.64
612,2024-05-13,Organic Search,Product Launch,33605,9329,1195,589,228,8154.87
613,2024-08-11,Social Media,Retargeting,37173,5029,364,160,46,8010.66
614,2024-04-15,Social Media,Brand Awareness,37409,3942,735,362,72,9167.81
615,2024-04-28,Email,Retargeting,43788,12940,779,432,218,4478.47
616,2024-07-13,Paid Ads,Product Launch,17825,3030,347,162,86,6512.02
617,2024-01-25,Social Media,Retargeting,47146,5417,1310,867,330,14991.51
618,2024-12-17,Organic Search,Product Launch,31835,9926,1991,1533,878,61949.47
619,2024-12-18,Paid Ads,Brand Awareness,4116,662,101,66,24,941.62
620,2024-11-04,Organic Search,Newsletter,46211,10059,2316,1108,394,38031.85
621,2024-07-07,Referral,Product Launch,13331,5839,714,466,236,37541.87
622,2024-08-28,Referral,Brand Awareness,43498,17241,3821,1672,978,130443.27
623,2024-11-26,Referral,Retargeting,28954,12777,1116,500,155,14464.61
624,2024-06-20,Email,Brand Awareness,35547,11405,2079,975,526,18417.86
625,2024-09-13,Referral,Summer Sale,2012,514,97,48,24,1433.25
626,2024-12-27,Email,Brand Awareness,5909,1590,97,76,25,3931.84
627,2024-11-06,Paid Ads,Brand Awareness,31416,6957,1712,1035,490,80752.84
628,2024-02-28,Email,Brand Awareness,27128,8333,852,596,162,18929.54
629,2024-02-22,Referral,Retargeting,25827,10633,2030,1074,352,65999.21
630,2024-06-24,Referral,Summer Sale,20478,8679,1666,874,337,25850.19
631,2024-08-07,Email,Summer Sale,1537,275,20,14,4,579.68
632,2024-06-11,Email,Summer Sale,17668,5375,1224,496,109,16345.96
633,2024-03-18,Email,Summer Sale,6537,1345,200,120,30,1392.27
634,2024-09-05,Paid Ads,Product Launch,31418,5011,1135,669,397,32971.82
635,2024-08-10,Email,Retargeting,13394,3503,799,538,192,22131.61
636,2024-05-19,Social Media,Brand Awareness,29890,4643,1122,877,411,69728.88
637,2024-12-12,Paid Ads,Product Launch,7210,1726,231,127,50,9145.3
638,2024-04-03,Social Media,Product Launch,32996,6425,904,518,221,39431.12
639,2024-08-01,Organic Search,Newsletter,14280,3175,300,162,68,6717.51
640,2024-10-20,Social Media,Newsletter,13857,2495,521,375,164,31551.62
641,2024-09-07,Referral,Newsletter,8527,2300,448,218,97,6131.96
642,2024-05-26,Email,Summer Sale,44078,13773,3310,2277,1074,128333.22
643,2024-02-26,Referral,Retargeting,35071,13047,2722,1259,351,20943.05
644,2024-03-22,Social Media,Summer Sale,49266,7897,1298,558,228,29687.9
645,2024-09-22,Email,Newsletter,2608,817,63,30,10,1135.64
646,2024-09-10,Organic Search,Newsletter,9296,2982,569,300,103,2880.5
647,2024-07-15,Organic Search,Product Launch,13268,4688,261,104,26,637.3
648,2024-04-02,Organic Search,Product Launch,38404,13011,799,355,111,4958.39
649,2024-01-19,Referral,Retargeting,47432,14894,3643,1759,586,44257.2
650,2024-02-26,Social Media,Summer Sale,1276,242,33,19,9,666.85
651,2024-04-03,Paid Ads,Newsletter,25328,3983,310,163,62,3655.09
652,2024-02-19,Referral,Newsletter,12494,3326,315,143,72,11426.42
653,2024-03-16,Social Media,Summer Sale,9331,1072,210,107,36,5822.19
654,2024-06-27,Social Media,Retargeting,3312,598,48,30,16,1359.09
655,2024-03-21,Referral,Retargeting,5705,1861,378,159,43,6201.54
656,2024-10-05,Organic Search,Retargeting,45505,14237,1842,1232,671,27435.66
657,2024-02-26,Email,Product Launch,25012,7381,1274,839,221,27223.58
658,2024-02-25,Paid Ads,Retargeting,46448,7979,1613,844,221,20477.99
659,2024-11-19,Organic Search,Summer Sale,11091,3080,217,171,97,2737.52
660,2024-03-12,Email,Brand Awareness,3454,828,80,59,27,762.36
661,2024-07-22,Organic Search,Newsletter,14109,4038,831,460,189,4460.71
662,2024-11-12,Email,Product Launch,25744,5182,869,639,343,17349.74
663,2024-06-10,Referral,Summer Sale,25599,10957,1403,658,206,25484.03
664,2024-09-06,Referral,Retargeting,12956,4877,654,352,111,18217.23
665,2024-08-22,Paid Ads,Retargeting,6785,1248,248,99,55,8263.17
666,2024-03-27,Email,Product Launch,23482,6825,1688,810,376,32307.57
667,2024-07-11,Social Media,Newsletter,44964,6333,696,470,138,25334.18
668,2024-12-27,Referral,Newsletter,5379,2307,218,119,38,4769.07
669,2024-12-26,Paid Ads,Product Launch,38828,7740,1491,944,301,60036.29
670,2024-03-22,Email,Brand Awareness,29934,6220,1252,943,418,24949.54
671,2024-01-26,Organic Search,Brand Awareness,31360,8331,1038,665,359,31381.28
672,2024-07-21,Email,Brand Awareness,21876,4235,954,425,180,25745.54
673,2024-01-30,Referral,Retargeting,26952,9747,736,323,76,12392.72
674,2024-09-19,Referral,Product Launch,18464,7218,1506,1143,460,62056.17
675,2024-05-04,Email,Brand Awareness,16930,5196,954,456,241,12219.79
676,2024-08-17,Organic Search,Summer Sale,8455,2065,199,149,70,12953.95
677,2024-04-01,Paid Ads,Product Launch,22875,5369,459,317,186,29151.54
678,2024-08-22,Paid Ads,Product Launch,22460,4452,693,477,140,12305.7
679,2024-04-16,Organic Search,Retargeting,28849,10287,899,612,174,33356.0
680,2024-07-29,Paid Ads,Newsletter,48633,9267,1186,511,298,51398.39
681,2024-11-14,Social Media,Brand Awareness,37617,6726,1494,954,224,44235.92
682,2024-12-12,Social Media,Newsletter,4142,518,50,26,12,753.55
683,2024-08-31,Organic Search,Product Launch,12870,4412,708,391,178,17956.45
684,2024-01-28,Social Media,Brand Awareness,46070,6928,693,381,116,14794.32
685,2024-05-18,Email,Product Launch,47808,14706,3532,2216,703,30441.24
686,2024-01-22,Organic Search,Newsletter,32535,9396,1461,1111,227,23550.9
687,2024-06-19,Organic Search,Summer Sale,26198,8589,1098,517,232,18614.49
688,2024-12-25,Referral,Retargeting,48830,15903,3899,2547,1122,84118.67
689,2024-08-24,Social Media,Summer Sale,21914,3632,365,218,102,5302.66
690,2024-04-28,Social Media,Brand Awareness,31244,5262,849,503,215,6648.34
691,2024-05-26,Organic Search,Newsletter,39237,10059,1795,1348,700,31310.67
692,2024-07-04,Referral,Product Launch,28925,10921,854,387,222,19770.06
693,2024-11-07,Social Media,Retargeting,33209,5846,387,300,144,4640.6
694,2024-08-13,Organic Search,Newsletter,5894,1517,208,122,58,1677.67
695,2024-06-10,Email,Retargeting,38029,10400,1927,1460,452,43169.96
696,2024-01-07,Social Media,Brand Awareness,6104,1041,208,136,59,3848.98
697,2024-11-06,Paid Ads,Product Launch,29628,5742,605,340,158,20947.88
698,2024-09-21,Paid Ads,Summer Sale,49098,12569,2753,1219,363,69833.37
699,2024-04-14,Paid Ads,Product Launch,25244,3791,379,216,49,1469.52
700,2024-12-18,Social Media,Summer Sale,5739,624,51,22,10,1309.68
701,2024-07-05,Organic Search,Product Launch,25820,9027,455,304,135,14714.75
702,2024-11-11,Email,Retargeting,30150,8690,654,361,164,31301.76
703,2024-12-17,Paid Ads,Retargeting,36403,6584,1415,1099,326,64033.52
704,2024-04-23,Paid Ads,Product Launch,21906,3474,807,574,174,17206.76
705,2024-10-16,Social Media,Retargeting,33873,3846,759,485,188,31051.65
706,2024-07-08,Social Media,Summer Sale,21205,3591,709,435,179,4808.04
707,2024-08-21,Referral,Newsletter,33337,11950,1192,509,146,6309.74
708,2024-08-11,Social Media,Newsletter,20531,2759,484,386,148,25486.18
709,2024-08-30,Email,Summer Sale,20840,3800,726,298,80,4309.17
710,2024-09-04,Paid Ads,Brand Awareness,44358,7538,689,390,219,14866.5
711,2024-03-05,Referral,Product Launch,15379,4046,220,119,35,5740.24
712,2024-08-02,Paid Ads,Product Launch,46910,12073,2289,1226,676,18152.32
713,2024-03-20,Email,Retargeting,32974,10385,659,396,125,11041.77
714,2024-04-27,Social Media,Brand Awareness,34833,4920,610,454,253,36502.07
715,2024-12-20,Social Media,Summer Sale,49538,8382,738,459,181,8433.35
716,2024-02-22,Paid Ads,Brand Awareness,48803,11394,2080,1133,607,33878.8
717,2024-01-11,Email,Newsletter,39170,11745,688,388,101,12695.1
718,2024-03-21,Email,Product Launch,11187,2071,132,82,16,2162.97
719,2024-09-02,Paid Ads,Newsletter,15857,3808,345,220,44,4363.6
720,2024-11-16,Organic Search,Newsletter,29859,11598,1472,933,543,46618.87
721,2024-06-27,Social Media,Brand Awareness,3182,575,118,50,20,3122.95
722,2024-09-16,Paid Ads,Retargeting,33827,8747,1136,609,158,25774.21
723,2024-03-18,Referral,Product Launch,14519,3749,763,396,198,17636.02
724,2024-01-28,Email,Retargeting,26531,7069,466,191,39,4334.47
725,2024-09-27,Paid Ads,Retargeting,36055,6015,1011,750,184,14226.55
726,2024-07-17,Social Media,Brand Awareness,33996,4466,1068,588,213,26372.42
727,2024-04-06,Referral,Retargeting,26573,11207,2594,1699,742,119471.32
728,2024-03-03,Referral,Newsletter,41365,11395,2543,1653,676,102827.52
729,2024-10-24,Referral,Summer Sale,11577,5009,1238,912,434,71728.03
730,2024-11-04,Paid Ads,Brand Awareness,13538,2988,350,229,69,2513.11
731,2024-06-14,Organic Search,Retargeting,48221,17934,3329,1375,805,153203.97
732,2024-04-24,Paid Ads,Product Launch,28759,5343,884,512,165,24507.35
733,2024-10-17,Referral,Product Launch,17653,7803,1311,846,436,85952.58
734,2024-04-06,Paid Ads,Retargeting,48933,8540,1756,1304,398,8601.5
735,2024-04-15,Paid Ads,Summer Sale,12719,1843,221,129,57,10517.94
736,2024-06-11,Social Media,Brand Awareness,15374,2373,331,243,100,3455.13
737,2024-09-27,Email,Summer Sale,39652,7178,934,739,213,28009.48
738,2024-02-01,Paid Ads,Summer Sale,48173,11546,2362,1160,639,25948.63
739,2024-12-06,Email,Newsletter,12501,3581,514,318,165,9870.24
740,2024-06-29,Referral,Summer Sale,1256,473,32,16,8,1523.44
741,2024-07-21,Paid Ads,Summer Sale,49868,7092,987,548,156,22988.5
742,2024-01-01,Referral,Summer Sale,39230,10147,794,624,364,34701.13
743,2024-05-06,Email,Newsletter,4623,881,96,56,32,2488.28
744,2024-09-04,Paid Ads,Summer Sale,30832,7549,1223,799,358,61202.45
745,2024-06-07,Email,Product Launch,36781,10836,1634,707,162,11490.02
746,2024-09-18,Email,Product Launch,33974,6323,512,354,149,21982.51
747,2024-08-18,Email,Brand Awareness,31213,9478,1269,746,352,55459.09
748,2024-12-25,Referral,Newsletter,44768,16781,2772,1207,488,82247.71
749,2024-08-31,Organic Search,Summer Sale,9557,2666,568,356,120,9340.33
750,2024-10-08,Paid Ads,Product Launch,1257,241,28,22,10,1743.17
751,2024-02-06,Organic Search,Retargeting,19936,4506,733,471,132,17809.86
752,2024-06-10,Email,Summer Sale,46554,12296,758,351,142,4751.47
753,2024-11-29,Paid Ads,Newsletter,49380,8146,554,263,96,19083.83
754,2024-04-03,Referral,Summer Sale,30700,13574,786,317,127,4482.88
755,2024-08-31,Social Media,Brand Awareness,24221,4504,820,505,153,19133.18
756,2024-02-07,Referral,Summer Sale,42164,11047,2338,957,541,70879.9
757,2024-04-24,Email,Newsletter,42473,11520,1156,757,353,64983.98
758,2024-09-06,Email,Brand Awareness,44454,10138,1312,752,244,35471.46
759,2024-07-06,Referral,Brand Awareness,18140,7230,1341,690,225,32154.23
760,2024-06-21,Organic Search,Product Launch,27711,8806,955,423,151,7656.52
761,2024-09-08,Referral,Newsletter,37369,15481,3539,2043,842,164196.66
762,2024-08-08,Email,Brand Awareness,8182,2654,311,169,81,11987.12
763,2024-05-31,Social Media,Newsletter,35213,6452,1302,909,522,32020.19
764,2024-11-18,Email,Retargeting,25137,6926,1021,632,265,22272.05
765,2024-08-14,Email,Product Launch,37061,8666,1460,701,221,34348.59
766,2024-06-18,Organic Search,Newsletter,33084,11793,2865,1319,559,41941.88
767,2024-08-24,Social Media,Brand Awareness,32995,6052,481,210,84,4660.79
768,2024-02-28,Referral,Summer Sale,42208,19191,3661,2122,925,43568.26
769,2024-12-24,Referral,Retargeting,25313,7259,1284,699,284,52014.35
770,2024-07-23,Paid Ads,Summer Sale,8447,1225,104,79,44,7175.58
771,2024-08-06,Email,Product Launch,20234,4264,729,346,167,19381.09
772,2024-12-26,Email,Newsletter,29160,8228,1711,1024,374,37633.97
773,2024-02-15,Paid Ads,Product Launch,15104,3866,684,298,70,1915.98
774,2024-03-02,Social Media,Product Launch,38880,5807,1151,767,183,11786.32
775,2024-08-06,Paid Ads,Summer Sale,15731,3973,634,315,161,27960.48
776,2024-02-23,Paid Ads,Newsletter,22669,4037,704,398,180,6523.31
777,2024-04-05,Social Media,Brand Awareness,13707,2508,624,289,61,9056.08
778,2024-05-25,Social Media,Product Launch,47552,6783,485,263,118,22717.8
779,2024-04-27,Organic Search,Retargeting,46544,13080,1239,714,269,36594.5
780,2024-05-22,Email,Newsletter,35381,8028,1938,1484,401,55206.47
781,2024-12-27,Referral,Brand Awareness,1067,302,67,36,9,1790.27
782,2024-02-09,Organic Search,Product Launch,26064,9845,950,628,245,23398.9
783,2024-06-06,Paid Ads,Product Launch,24694,4398,969,389,233,30041.99
784,2024-08-26,Social Media,Brand Awareness,38919,7152,1655,1261,268,12684.81
785,2024-10-23,Referral,Newsletter,10496,3847,203,87,27,2392.24
786,2024-04-14,Referral,Newsletter,10992,4953,835,477,219,5766.58
787,2024-01-23,Organic Search,Retargeting,12002,3104,392,306,80,13593.81
788,2024-06-23,Paid Ads,Summer Sale,5153,955,105,63,36,1530.74
789,2024-07-28,Paid Ads,Newsletter,23530,3650,461,216,88,11918.53
790,2024-02-16,Paid Ads,Retargeting,48455,6948,687,545,239,18715.17
791,2024-06-26,Referral,Newsletter,39884,14567,2786,1941,962,20002.07
792,2024-05-20,Organic Search,Brand Awareness,30188,8649,1413,700,410,60805.34
793,2024-05-29,Social Media,Retargeting,36732,5628,564,361,125,4226.87
794,2024-01-22,Email,Newsletter,18224,3940,662,454,134,3051.42
795,2024-04-26,Referral,Retargeting,24029,8382,1437,974,559,42371.22
796,2024-04-17,Paid Ads,Newsletter,22471,5685,1371,878,348,14184.25
797,2024-12-05,Email,Newsletter,42249,12512,2026,915,222,41747.74
798,2024-11-27,Paid Ads,Retargeting,3419,602,115,58,16,421.51
799,2024-05-21,Social Media,Product Launch,13741,2642,145,62,36,1405.65
800,2024-03-03,Email,Newsletter,42238,13139,1879,803,357,33437.38
801,2024-02-27,Paid Ads,Summer Sale,41423,7348,1136,774,242,10463.42
802,2024-12-17,Social Media,Newsletter,44318,8359,718,318,105,7537.02
803,2024-04-07,Referral,Newsletter,19501,8801,1811,1226,440,72234.63
804,2024-12-04,Email,Newsletter,2445,659,88,54,22,1913.54
805,2024-08-31,Referral,Summer Sale,22622,6213,834,611,133,2980.31
806,2024-09-12,Email,Brand Awareness,34319,6076,797,338,100,17402.74
807,2024-06-17,Social Media,Brand Awareness,38961,6695,1629,794,219,29854.86
808,2024-04-15,Paid Ads,Brand Awareness,5295,919,94,71,21,1702.03
809,2024-02-10,Referral,Newsletter,33735,14147,2401,1090,477,71858.88
810,2024-05-24,Email,Summer Sale,43788,9402,1521,1014,251,24051.13
811,2024-03-23,Referral,Brand Awareness,15868,5311,943,561,143,20508.7
812,2024-11-21,Social Media,Product Launch,20137,3922,764,404,207,18696.92
813,2024-08-03,Referral,Brand Awareness,3816,1020,205,156,63,5303.38
814,2024-03-06,Referral,Newsletter,33053,11465,961,641,213,7210.73
815,2024-11-20,Organic Search,Brand Awareness,20086,5970,431,181,84,8606.67
816,2024-02-02,Organic Search,Product Launch,35306,10860,1971,1359,530,12387.98
817,2024-12-06,Paid Ads,Product Launch,20995,5429,1177,655,286,38570.45
818,2024-04-12,Paid Ads,Brand Awareness,38627,8598,1886,888,498,57618.41
819,2024-05-16,Paid Ads,Summer Sale,7754,1644,120,68,28,3852.77
820,2024-06-24,Organic Search,Product Launch,20484,5761,1427,1038,456,65558.08
821,2024-03-01,Social Media,Newsletter,23021,4458,356,223,132,24044.81
822,2024-04-12,Social Media,Retargeting,45977,8414,1031,731,300,47411.7
823,2024-08-18,Social Media,Brand Awareness,31031,3595,584,236,134,13349.6
824,2024-10-14,Paid Ads,Retargeting,34853,7342,1738,726,227,7535.26
825,2024-01-03,Referral,Brand Awareness,31917,8673,855,424,94,4431.7
826,2024-03-31,Email,Newsletter,33813,9854,1917,1123,650,88389.85
827,2024-03-22,Paid Ads,Summer Sale,22439,5218,1154,659,247,14939.45
828,2024-11-23,Referral,Product Launch,41079,11427,2347,1205,355,56955.37
829,2024-04-28,Email,Brand Awareness,38418,11816,1050,765,409,19846.41
830,2024-01-29,Email,Newsletter,15985,3315,680,474,198,37268.63
831,2024-04-16,Referral,Summer Sale,1896,820,49,23,6,479.85
832,2024-01-28,Organic Search,Retargeting,29126,11139,1408,660,250,13637.9
833,2024-10-15,Email,Summer Sale,17743,5710,739,424,170,31878.99
834,2024-03-01,Referral,Summer Sale,12773,4617,854,637,286,47286.9
835,2024-04-29,Social Media,Newsletter,41656,5244,294,222,82,11061.78
836,2024-09-26,Email,Brand Awareness,13946,2863,620,399,225,17876.84
837,2024-05-11,Social Media,Brand Awareness,41976,7778,599,271,98,13452.13
838,2024-05-25,Paid Ads,Brand Awareness,37372,9466,2190,1508,555,15431.26
839,2024-05-23,Paid Ads,Brand Awareness,11342,2716,561,429,182,27052.05
840,2024-06-24,Referral,Retargeting,26639,8729,582,423,95,10048.1
841,2024-05-13,Paid Ads,Newsletter,9580,2364,449,282,80,6200.66
842,2024-09-19,Organic Search,Product Launch,16707,6257,504,383,170,11853.29
843,2024-02-04,Email,Product Launch,35690,10802,2393,1773,465,66391.39
844,2024-12-06,Email,Newsletter,48834,9206,1711,929,445,55903.07
845,2024-09-21,Email,Newsletter,15464,4044,410,204,89,15677.85
846,2024-06-30,Paid Ads,Summer Sale,32271,4888,678,335,179,29324.26
847,2024-05-26,Referral,Retargeting,23950,10458,1039,512,296,31757.09
848,2024-04-27,Email,Retargeting,17604,5665,1298,786,448,75480.2
849,2024-07-31,Social Media,Product Launch,14275,1567,159,89,33,6002.63
850,2024-10-25,Social Media,Product Launch,3749,656,83,56,24,1715.66
851,2024-03-28,Organic Search,Brand Awareness,19032,7304,791,352,75,1739.57
852,2024-08-17,Email,Summer Sale,23904,7619,1219,681,255,8411.68
853,2024-10-14,Referral,Newsletter,28054,8468,435,238,131,12868.64
854,2024-12-12,Referral,Product Launch,14846,4111,390,255,55,4622.4
855,2024-08-25,Referral,Summer Sale,10019,2502,614,403,181,19991.53
856,2024-07-11,Email,Newsletter,13121,2547,621,322,163,13301.41
857,2024-10-09,Referral,Newsletter,31169,12339,1118,546,174,28761.42
858,2024-05-03,Social Media,Newsletter,21223,3488,576,257,68,9452.62
859,2024-12-05,Email,Product Launch,3105,787,81,48,16,2613.42
860,2024-06-24,Organic Search,Retargeting,14431,5410,1071,746,221,23221.94
861,2024-09-26,Paid Ads,Newsletter,46463,8740,1960,1378,348,63541.19
862,2024-12-26,Paid Ads,Product Launch,36283,7699,1542,1009,319,30085.89
863,2024-08-16,Referral,Brand Awareness,25101,6855,367,213,55,7671.55
864,2024-07-19,Email,Product Launch,39155,10139,1843,737,160,14179.72
865,2024-08-01,Email,Retargeting,33404,7048,1719,824,345,23229.84
866,2024-05-18,Email,Brand Awareness,21679,5673,669,316,105,13130.71
867,2024-11-10,Email,Retargeting,47142,9426,2063,1626,473,24768.82
868,2024-04-23,Paid Ads,Retargeting,44255,9938,2075,1403,735,102160.98
869,2024-03-30,Paid Ads,Newsletter,11305,1770,294,163,46,2330.07
870,2024-01-05,Organic Search,Brand Awareness,44568,16856,1994,1401,442,16845.75
871,2024-11-23,Referral,Summer Sale,30202,12225,2163,1312,286,8770.17
872,2024-08-10,Organic Search,Product Launch,16270,5436,1048,487,177,6663.52
873,2024-01-30,Social Media,Product Launch,15726,2720,175,123,71,1496.87
874,2024-01-16,Email,Summer Sale,37596,11379,1198,919,328,63218.9
875,2024-07-30,Organic Search,Product Launch,12243,3580,501,388,125,13884.91
876,2024-08-04,Organic Search,Brand Awareness,25348,6043,871,509,145,26545.85
877,2024-02-10,Email,Brand Awareness,35286,8675,1892,1041,282,7240.85
878,2024-08-15,Social Media,Newsletter,47414,8414,1547,841,436,77872.45
879,2024-02-26,Social Media,Retargeting,15020,2867,262,118,26,4880.33
880,2024-10-03,Social Media,Newsletter,9793,1431,330,229,82,11736.72
881,2024-07-01,Referral,Product Launch,49923,18034,3713,1759,645,70110.66
882,2024-05-23,Paid Ads,Summer Sale,40910,7092,1650,993,201,17801.51
883,2024-06-10,Organic Search,Product Launch,19551,6456,870,625,172,16662.47
884,2024-03-28,Email,Brand Awareness,11179,2698,663,385,185,23181.19
885,2024-09-15,Referral,Retargeting,7752,2493,440,339,121,22733.06
886,2024-02-09,Social Media,Product Launch,6168,942,116,84,35,2724.69
887,2024-09-11,Social Media,Brand Awareness,3643,703,164,102,33,1619.46
888,2024-05-15,Organic Search,Newsletter,44284,14652,2669,1820,498,44984.02
889,2024-11-20,Referral,Newsletter,12716,4832,1162,543,289,22671.57
890,2024-10-31,Organic Search,Brand Awareness,48994,18759,3354,1425,511,74099.82
891,2024-04-03,Organic Search,Retargeting,13559,3635,615,434,113,11024.88
892,2024-12-20,Paid Ads,Brand Awareness,32848,6538,1263,642,244,14144.95
893,2024-05-08,Organic Search,Retargeting,49920,15684,3534,1434,392,56867.17
894,2024-02-28,Organic Search,Summer Sale,33040,11142,560,282,92,17159.11
895,2024-02-03,Paid Ads,Newsletter,31675,5197,1186,717,318,36635.95
896,2024-04-13,Social Media,Brand Awareness,26512,3666,190,131,74,11695.61
897,2024-02-24,Referral,Product Launch,11711,4876,762,361,185,10505.35
898,2024-09-09,Social Media,Retargeting,26081,4989,1117,777,263,46760.38
899,2024-11-15,Social Media,Product Launch,29178,3533,601,425,148,3892.19
900,2024-04-06,Referral,Product Launch,17308,4710,442,267,124,8359.18
901,2024-04-08,Organic Search,Brand Awareness,23731,6250,711,490,122,5784.54
902,2024-10-08,Referral,Brand Awareness,40996,16880,3704,2698,970,37770.65
903,2024-12-29,Social Media,Brand Awareness,40192,4624,404,198,73,2353.07
904,2024-10-30,Email,Newsletter,24041,5634,523,351,74,10632.31
905,2024-06-15,Social Media,Retargeting,28067,3434,779,557,195,10373.23
906,2024-03-14,Email,Product Launch,48662,10163,1639,1091,268,6288.34
907,2024-11-09,Referral,Retargeting,16010,4574,553,408,145,13101.81
908,2024-08-18,Organic Search,Retargeting,23683,8532,1093,495,261,17706.01
909,2024-01-18,Organic Search,Product Launch,18667,5414,1221,806,171,8169.91
910,2024-07-13,Organic Search,Newsletter,46739,13604,3221,2519,1187,203035.85
911,2024-10-07,Social Media,Product Launch,34411,4814,471,302,154,9025.47
912,2024-01-28,Paid Ads,Newsletter,47252,8376,1927,1045,512,78069.31
913,2024-08-12,Email,Summer Sale,20922,5020,792,386,162,12462.23
914,2024-08-03,Referral,Summer Sale,43592,19037,3303,2408,1426,56559.14
915,2024-06-07,Referral,Brand Awareness,31830,13428,1034,678,370,55741.34
916,2024-03-27,Social Media,Retargeting,7174,1246,165,126,30,3971.44
917,2024-01-11,Referral,Summer Sale,49267,20563,2689,1676,526,19360.18
918,2024-07-02,Paid Ads,Product Launch,17376,3855,541,241,115,2666.69
919,2024-12-26,Referral,Newsletter,37419,12683,1990,946,367,70186.69
920,2024-11-09,Organic Search,Summer Sale,19789,6187,1097,725,205,6852.19
921,2024-02-03,Organic Search,Newsletter,10026,2439,444,185,57,7250.39
922,2024-04-07,Referral,Summer Sale,18291,5182,947,382,218,10668.32
923,2024-07-12,Email,Brand Awareness,12056,3547,203,100,54,6550.8
924,2024-07-26,Referral,Newsletter,28097,11399,1407,705,326,38443.48
925,2024-11-28,Email,Retargeting,49718,15781,2316,1431,383,29876.92
926,2024-11-09,Organic Search,Newsletter,22009,4755,368,151,85,10684.78
927,2024-11-02,Email,Newsletter,29580,5316,481,343,85,10504.53
928,2024-01-07,Email,Summer Sale,23783,5467,392,234,77,2266.57
929,2024-07-30,Organic Search,Newsletter,21757,5375,1145,790,277,25177.35
930,2024-02-23,Email,Newsletter,21873,6427,552,351,191,34311.26
931,2024-02-09,Paid Ads,Summer Sale,2355,424,58,35,7,1118.05
932,2024-02-26,Organic Search,Retargeting,45984,13983,2197,1249,416,25608.59
933,2024-02-05,Email,Retargeting,14808,2660,199,128,72,4272.05
934,2024-06-18,Email,Newsletter,45820,8775,724,455,195,10029.18
935,2024-02-03,Social Media,Brand Awareness,47611,5520,729,410,158,18120.63
936,2024-12-14,Referral,Product Launch,44402,11852,1785,936,539,91882.69
937,2024-02-24,Organic Search,Newsletter,15803,4429,478,292,95,12724.49
938,2024-05-02,Email,Newsletter,13986,4402,570,281,132,16942.43
939,2024-10-12,Organic Search,Summer Sale,23558,6782,469,342,187,17292.3
940,2024-02-28,Organic Search,Retargeting,41464,11396,2300,1504,350,8438.12
941,2024-11-28,Organic Search,Retargeting,46334,15262,1847,795,172,20881.95
942,2024-12-16,Email,Newsletter,10187,1839,450,184,102,20017.25
943,2024-12-12,Organic Search,Retargeting,8537,2281,298,206,69,11956.57
944,2024-03-18,Organic Search,Summer Sale,4199,1072,191,100,24,2665.74
945,2024-11-30,Paid Ads,Summer Sale,28563,4158,995,739,440,70521.67
946,2024-04-15,Social Media,Product Launch,4710,733,154,115,50,5103.67
947,2024-06-11,Paid Ads,Summer Sale,2010,383,30,15,8,813.07
948,2024-03-16,Social Media,Newsletter,4111,747,153,83,28,4599.39
949,2024-11-11,Social Media,Newsletter,24908,3000,295,139,73,6437.41
950,2024-05-25,Paid Ads,Brand Awareness,42954,7175,1590,823,350,30691.12
951,2024-02-09,Paid Ads,Retargeting,22085,5650,500,239,132,4828.8
952,2024-10-15,Email,Retargeting,32466,9522,1144,572,242,19544.11
953,2024-07-20,Paid Ads,Newsletter,45758,8676,1509,870,246,47340.71
954,2024-11-09,Referral,Product Launch,6259,2514,154,84,17,2349.51
955,2024-01-10,Email,Brand Awareness,43657,11831,1204,805,225,40344.66
956,2024-12-20,Paid Ads,Newsletter,34842,5161,365,160,41,7374.24
957,2024-01-10,Organic Search,Retargeting,18567,4688,276,129,64,6766.65
958,2024-10-29,Referral,Retargeting,46995,19473,4299,2835,623,112606.48
959,2024-02-07,Email,Retargeting,33093,6955,1664,800,277,25377.63
960,2024-04-16,Organic Search,Retargeting,28750,8190,1691,1240,562,51331.1
961,2024-09-21,Social Media,Product Launch,23845,4075,853,566,159,30308.35
962,2024-02-24,Referral,Product Launch,21202,8033,1283,719,336,12329.82
963,2024-09-21,Organic Search,Newsletter,20173,6051,1450,656,340,22634.77
964,2024-06-12,Email,Product Launch,33200,8653,2010,1297,441,82112.31
965,2024-06-13,Referral,Newsletter,30517,11719,1066,820,355,49059.46
966,2024-03-26,Organic Search,Summer Sale,27032,6182,449,355,175,18648.35
967,2024-10-22,Organic Search,Product Launch,5466,1786,365,211,50,5781.58
968,2024-09-09,Email,Product Launch,42061,8199,977,494,278,42095.25
969,2024-03-27,Social Media,Brand Awareness,42857,4755,281,168,45,2304.51
970,2024-04-08,Email,Summer Sale,37554,7622,1640,683,192,6911.32
971,2024-12-21,Paid Ads,Retargeting,34272,5726,1085,574,218,10740.29
972,2024-04-02,Paid Ads,Retargeting,48322,6790,672,373,83,16176.05
973,2024-11-12,Email,Summer Sale,17317,5024,1237,928,325,51530.2
974,2024-05-17,Social Media,Newsletter,26319,4049,947,556,292,6261.21
975,2024-05-24,Organic Search,Brand Awareness,34649,12897,2842,1164,536,94308.9
976,2024-03-29,Email,Newsletter,25638,5968,649,351,155,6200.44
977,2024-05-27,Social Media,Retargeting,15851,2960,288,154,75,9135.96
978,2024-02-12,Organic Search,Retargeting,45296,15721,1145,775,327,51280.56
979,2024-05-25,Social Media,Summer Sale,21833,3879,478,228,73,3945.55
980,2024-02-15,Social Media,Brand Awareness,20382,2950,430,206,66,5891.47
981,2024-11-12,Email,Retargeting,26963,7381,1006,799,429,13051.36
982,2024-03-30,Paid Ads,Newsletter,20273,4905,267,124,51,8701.26
983,2024-10-29,Social Media,Product Launch,38938,7421,1076,680,156,25687.47
984,2024-03-08,Social Media,Newsletter,32348,4684,378,180,60,3929.7
985,2024-01-28,Organic Search,Newsletter,21464,7381,824,366,209,19864.56
986,2024-05-28,Social Media,Summer Sale,14548,2780,432,294,141,7842.51
987,2024-05-08,Social Media,Summer Sale,20093,3614,657,282,78,2924.42
988,2024-06-10,Social Media,Retargeting,32836,6201,1412,1014,559,97713.98
989,2024-05-28,Social Media,Newsletter,25956,3631,500,392,97,15996.67
990,2024-04-16,Paid Ads,Retargeting,42559,10423,1035,602,251,6919.08
991,2024-10-31,Social Media,Newsletter,41849,4398,1051,834,175,29132.44
992,2024-06-14,Referral,Brand Awareness,22091,6913,1336,778,217,8902.47
993,2024-02-29,Social Media,Retargeting,9671,1032,211,162,84,16042.86
994,2024-11-25,Paid Ads,Product Launch,28352,5606,446,291,78,2222.55
995,2024-03-06,Paid Ads,Retargeting,22573,3915,898,449,166,20820.22
996,2024-11-25,Referral,Summer Sale,28314,7569,1240,932,515,100759.96
997,2024-12-18,Email,Product Launch,40010,7320,383,214,118,23013.58
998,2024-04-07,Paid Ads,Retargeting,17061,2705,487,340,92,3662.71
999,2024-07-06,Social Media,Product Launch,41895,6233,1369,784,419,35368.91
1000,2024-12-09,Email,Retargeting,46866,10593,912,375,77,4990.68
